{"2": {"before_size": 5235690, "after_size": 5235690, "elapsed": 27.867977, "mse": 1.636779371216792, "ps2nr": 45.990902179988296, "ssim": 0.9864511864507747}, "3": {"before_size": 5235690, "after_size": 5235690, "elapsed": 37.44405, "mse": 8.640640984208986, "ps2nr": 38.76534400150662, "ssim": 0.9283457000357358}, "4": {"before_size": 5235690, "after_size": 5235690, "elapsed": 46.834822, "mse": 40.25002005487013, "ps2nr": 32.08314259773532, "ssim": 0.7786011583903465}, "5": {"before_size": 5235690, "after_size": 5235690, "elapsed": 65.311432, "mse": 191.13214249424522, "ps2nr": 25.317466328183478, "ssim": 0.5075366878369753}, "6": {"before_size": 5235690, "after_size": 5235690, "elapsed": 73.273343, "mse": 819.5278984253298, "ps2nr": 18.995166184269895, "ssim": 0.26100008754193077}, "7": {"before_size": 5235690, "after_size": 5235690, "elapsed": 83.32794, "mse": 3616.015872952207, "ps2nr": 12.548500326706618, "ssim": 0.1259600376822791}, "8": {"before_size": 5235690, "after_size": 5235690, "elapsed": 92.245867, "mse": 15533.413002737394, "ps2nr": 6.218134714365964, "ssim": 0.009264300446411267}}