{"2": {"before_size": 737334, "after_size": 737334, "elapsed": 4.348339, "mse": 2.4769083658854165, "ps2nr": 44.19170420865217, "ssim": 0.9852162036225326}, "3": {"before_size": 737334, "after_size": 737334, "elapsed": 5.737938, "mse": 10.481397840711805, "ps2nr": 37.92661155126215, "ssim": 0.9340284299565547}, "4": {"before_size": 737334, "after_size": 737334, "elapsed": 7.229159, "mse": 42.23301052517361, "ps2nr": 31.874283202227957, "ssim": 0.8053288826796831}, "5": {"before_size": 737334, "after_size": 737334, "elapsed": 8.757803, "mse": 172.22655843098957, "ps2nr": 25.769802376140426, "ssim": 0.5618128956148658}, "6": {"before_size": 737334, "after_size": 737334, "elapsed": 9.628819, "mse": 738.1408365885417, "ps2nr": 19.449411281535237, "ssim": 0.27116582362478936}, "7": {"before_size": 737334, "after_size": 737334, "elapsed": 12.191872, "mse": 3142.4545627170137, "ps2nr": 13.158113540020185, "ssim": 0.08373748565016348}, "8": {"before_size": 737334, "after_size": 737334, "elapsed": 13.785404, "mse": 12209.507378472223, "ps2nr": 7.263822192102626, "ssim": 0.008064201336138645}}