{"2": {"before_size": 514062, "after_size": 513978, "elapsed": 2.932038, "mse": 2.4955791154336673, "ps2nr": 44.15909018342133, "ssim": 0.9863095586137642}, "3": {"before_size": 514062, "after_size": 513978, "elapsed": 3.414431, "mse": 10.520636311418752, "ps2nr": 37.91038353162286, "ssim": 0.9393462552443205}, "4": {"before_size": 514062, "after_size": 513978, "elapsed": 4.531902, "mse": 42.02251428682691, "ps2nr": 31.895983273570494, "ssim": 0.8254219437601866}, "5": {"before_size": 514062, "after_size": 513978, "elapsed": 6.468906, "mse": 166.912766143871, "ps2nr": 25.905908063707525, "ssim": 0.6021545095637866}, "6": {"before_size": 514062, "after_size": 513978, "elapsed": 7.062464, "mse": 680.6220119357068, "ps2nr": 19.801743704019373, "ssim": 0.3218889573808342}, "7": {"before_size": 514062, "after_size": 513978, "elapsed": 8.203722, "mse": 2982.773021018916, "ps2nr": 13.384601545958702, "ssim": 0.12322249230648143}, "8": {"before_size": 514062, "after_size": 513978, "elapsed": 9.073798, "mse": 8331.13702308284, "ps2nr": 8.923760834524378, "ssim": 0.009727249361974196}}