{"2": {"before_size": 955902, "after_size": 955818, "elapsed": 5.516415, "mse": 4.381270867971415, "ps2nr": 41.714802570097866, "ssim": 0.9944433759792777}, "3": {"before_size": 955902, "after_size": 955818, "elapsed": 7.12365, "mse": 16.653935567142618, "ps2nr": 35.915634807959336, "ssim": 0.9673279675100531}, "4": {"before_size": 955902, "after_size": 955818, "elapsed": 8.833306, "mse": 62.165806018357, "ps2nr": 30.19528791947945, "ssim": 0.8968922294992304}, "5": {"before_size": 955902, "after_size": 955818, "elapsed": 10.731152, "mse": 249.9522458049288, "ps2nr": 24.152233176536512, "ssim": 0.757933716435148}, "6": {"before_size": 955902, "after_size": 955818, "elapsed": 12.736095, "mse": 999.7384404403083, "ps2nr": 18.13193969599746, "ssim": 0.6005912470847422}, "7": {"before_size": 955902, "after_size": 955818, "elapsed": 15.818047, "mse": 4130.804478304643, "ps2nr": 11.97045721689667, "ssim": 0.3716295233878479}, "8": {"before_size": 955902, "after_size": 955818, "elapsed": 18.427253, "mse": 16918.845436363885, "ps2nr": 5.847096379642302, "ssim": 0.006757220901618743}}