{"image": "images/landscape-nature/landscape1.bmp", "hidden_text": "eci2019", "2": {"before_size": 738010, "after_size": 737926, "elapsed": 6.818957, "mse": 2.498560411171535, "ps2nr": 44.15390506420397, "ssim": 0.9901103241466646}, "3": {"before_size": 738010, "after_size": 737926, "elapsed": 9.401842, "mse": 10.485321892604773, "ps2nr": 37.924985933020096, "ssim": 0.9545357027089206}, "4": {"before_size": 738010, "after_size": 737926, "elapsed": 9.647038, "mse": 42.4095338500114, "ps2nr": 31.856168619870825, "ssim": 0.8590989788901675}, "5": {"before_size": 738010, "after_size": 737926, "elapsed": 12.298474, "mse": 172.27317046034278, "ps2nr": 25.768627144605286, "ssim": 0.6567897638854314}, "6": {"before_size": 738010, "after_size": 737926, "elapsed": 16.456236, "mse": 686.8363590478361, "ps2nr": 19.762270835288806, "ssim": 0.3561572581997048}, "7": {"before_size": 738010, "after_size": 737926, "elapsed": 29.719921, "mse": 2568.7328212684665, "ps2nr": 14.033614260383285, "ssim": 0.11142926867753145}, "8": {"before_size": 738010, "after_size": 737926, "elapsed": 21.469087, "mse": 11361.902798582392, "ps2nr": 7.576292913130347, "ssim": 0.007704825973511543}}