{"2": {"before_size": 544962, "after_size": 544878, "elapsed": 3.053337, "mse": 2.490250747642052, "ps2nr": 44.168372817101144, "ssim": 0.9858072118307507}, "3": {"before_size": 544962, "after_size": 544878, "elapsed": 3.923378, "mse": 10.596599033816425, "ps2nr": 37.87913859550817, "ssim": 0.9334060480084054}, "4": {"before_size": 544962, "after_size": 544878, "elapsed": 6.189035, "mse": 43.650237865194384, "ps2nr": 31.7309374619952, "ssim": 0.7990745127228183}, "5": {"before_size": 544962, "after_size": 544878, "elapsed": 6.637214, "mse": 175.40529468599033, "ps2nr": 25.690376622700228, "ssim": 0.5669373154671672}, "6": {"before_size": 544962, "after_size": 544878, "elapsed": 7.521453, "mse": 725.8110568207959, "ps2nr": 19.522567810214444, "ssim": 0.31050652390851063}, "7": {"before_size": 544962, "after_size": 544878, "elapsed": 8.249969, "mse": 2757.882712675408, "ps2nr": 13.725045683250272, "ssim": 0.12262697736505021}, "8": {"before_size": 544962, "after_size": 544878, "elapsed": 8.949192, "mse": 9603.361334253508, "ps2nr": 8.306570910148247, "ssim": 0.00873392957953378}}