{"2": {"before_size": 1985594, "after_size": 1985510, "elapsed": 10.442114, "mse": 3.923204798628963, "ps2nr": 42.19439381162303, "ssim": 0.9939673365798731}, "3": {"before_size": 1985594, "after_size": 1985510, "elapsed": 14.297832, "mse": 14.56041685568829, "ps2nr": 36.49906552131713, "ssim": 0.965464283222613}, "4": {"before_size": 1985594, "after_size": 1985510, "elapsed": 17.544869, "mse": 53.81681435556228, "ps2nr": 30.821623744031555, "ssim": 0.890193919524341}, "5": {"before_size": 1985594, "after_size": 1985510, "elapsed": 21.263681, "mse": 212.98868188920812, "ps2nr": 24.847238350050453, "ssim": 0.7350020607846307}, "6": {"before_size": 1985594, "after_size": 1985510, "elapsed": 24.725104, "mse": 869.0535692323202, "ps2nr": 18.740338132973225, "ssim": 0.5177694132128431}, "7": {"before_size": 1985594, "after_size": 1985510, "elapsed": 28.244169, "mse": 3526.8673017793235, "ps2nr": 12.656912412030149, "ssim": 0.27799646135872436}, "8": {"before_size": 1985594, "after_size": 1985510, "elapsed": 31.948334, "mse": 14752.692041937598, "ps2nr": 6.442090841278989, "ssim": 0.008623655454481634}}