{"2": {"before_size": 38158986, "after_size": 38158902, "elapsed": 162.956588, "mse": 2.3190286037985213, "ps2nr": 44.47774255440252, "ssim": 0.9722449559546434}, "3": {"before_size": 38158986, "after_size": 38158902, "elapsed": 217.783428, "mse": 11.007772352037462, "ps2nr": 37.71380921378749, "ssim": 0.8766873491351599}, "4": {"before_size": 38158986, "after_size": 38158902, "elapsed": 272.60823, "mse": 53.2620317311466, "ps2nr": 30.866626318705816, "ssim": 0.5669926926918424}, "5": {"before_size": 38158986, "after_size": 38158902, "elapsed": 324.866335, "mse": 272.2653642740997, "ps2nr": 23.780879639692646, "ssim": 0.23842367029350842}, "6": {"before_size": 38158986, "after_size": 38158902, "elapsed": 383.421879, "mse": 1310.1987541395379, "ps2nr": 16.957431787399187, "ssim": 0.07104908477053581}, "7": {"before_size": 38158986, "after_size": 38158902, "elapsed": 431.602412, "mse": 5757.17154307174, "ps2nr": 10.528711908014275, "ssim": 0.015678807755727112}, "8": {"before_size": 38158986, "after_size": 38158902, "elapsed": 491.968104, "mse": 24076.094775371625, "ps2nr": 4.314943166147301, "ssim": 0.0011936537422527586}}