{"image": "images/text/text1.bmp", "hidden_text": "The teacher said to his class one day, \"Please stand up, anyone who thinks they're stupid.\" Nobody stood up so the teacher said, \"I'm sure there are some stupid students in this class!\" At this point Little Johnny stood up. The teacher said, \"Oh Johnny! So you think you're stupid then?\" Little Johnny replied, \"No, I just felt bad that you were standing up on your own.\"", "2": {"before_size": 6900930, "after_size": 6900930, "elapsed": 37.202332, "mse": 3.9098229041731867, "ps2nr": 42.209232744393546, "ssim": 0.9885782558897116}, "3": {"before_size": 6900930, "after_size": 6900930, "elapsed": 47.953105, "mse": 14.385920760685355, "ps2nr": 36.551426970407675, "ssim": 0.9415355866891507}, "4": {"before_size": 6900930, "after_size": 6900930, "elapsed": 64.426097, "mse": 50.685115363081465, "ps2nr": 31.081999215497586, "ssim": 0.8305730844973389}, "5": {"before_size": 6900930, "after_size": 6900930, "elapsed": 72.606666, "mse": 202.2713769832414, "ps2nr": 25.071459298900972, "ssim": 0.6316373836251482}, "6": {"before_size": 6900930, "after_size": 6900930, "elapsed": 85.610491, "mse": 855.5273984690181, "ps2nr": 18.80846438383695, "ssim": 0.4457177384643647}, "7": {"before_size": 6900930, "after_size": 6900930, "elapsed": 103.373731, "mse": 3759.6410514527274, "ps2nr": 12.37933977859088, "ssim": 0.29189015640063515}, "8": {"before_size": 6900930, "after_size": 6900930, "elapsed": 113.512006, "mse": 16255.050732610054, "ps2nr": 6.020920315846288, "ssim": 0.008438340107879874}}