{"2": {"before_size": 1555338, "after_size": 1555254, "elapsed": 8.503991, "mse": 2.4790444958847737, "ps2nr": 44.18796038963421, "ssim": 0.9933124688164003}, "3": {"before_size": 1555338, "after_size": 1555254, "elapsed": 11.340959, "mse": 10.727692258230453, "ps2nr": 37.82574054308236, "ssim": 0.9664115332038272}, "4": {"before_size": 1555338, "after_size": 1555254, "elapsed": 14.150692, "mse": 44.43565843621399, "ps2nr": 31.653487410514618, "ssim": 0.8795825107238364}, "5": {"before_size": 1555338, "after_size": 1555254, "elapsed": 17.116677, "mse": 182.69174575617285, "ps2nr": 25.51361435045353, "ssim": 0.6703128307779176}, "6": {"before_size": 1555338, "after_size": 1555254, "elapsed": 20.032335, "mse": 762.9337840792181, "ps2nr": 19.305935142064893, "ssim": 0.37305776171183475}, "7": {"before_size": 1555338, "after_size": 1555254, "elapsed": 22.671842, "mse": 3041.722417052469, "ps2nr": 13.299607823945024, "ssim": 0.1343791822129772}, "8": {"before_size": 1555338, "after_size": 1555254, "elapsed": 25.902319, "mse": 9784.400888631688, "ps2nr": 8.225461224658217, "ssim": 0.008662073351807964}}