{"2": {"before_size": 1225146, "after_size": 1225062, "elapsed": 6.634662, "mse": 2.4979469521831694, "ps2nr": 44.15497149655555, "ssim": 0.9827156448225448}, "3": {"before_size": 1225146, "after_size": 1225062, "elapsed": 8.857866, "mse": 10.499581227224638, "ps2nr": 37.919083831629614, "ssim": 0.9207948202543332}, "4": {"before_size": 1225146, "after_size": 1225062, "elapsed": 11.089465, "mse": 42.60628175489466, "ps2nr": 31.83606725841168, "ssim": 0.7693082580038135}, "5": {"before_size": 1225146, "after_size": 1225062, "elapsed": 13.466824, "mse": 175.1355003395896, "ps2nr": 25.697061734429816, "ssim": 0.5052353698113679}, "6": {"before_size": 1225146, "after_size": 1225062, "elapsed": 15.974545, "mse": 665.3073775844729, "ps2nr": 19.900580215095484, "ssim": 0.23253343719853817}, "7": {"before_size": 1225146, "after_size": 1225062, "elapsed": 18.12375, "mse": 2240.093723469561, "ps2nr": 14.628141716702906, "ssim": 0.07614252288878127}, "8": {"before_size": 1225146, "after_size": 1225062, "elapsed": 20.247519, "mse": 9087.26608071131, "ps2nr": 8.546471162210429, "ssim": 0.009885513707197735}}