{"2": {"before_size": 2685642, "after_size": 2685558, "elapsed": 14.43962, "mse": 2.504259259259259, "ps2nr": 44.14401072656533, "ssim": 0.9775008635462095}, "3": {"before_size": 2685642, "after_size": 2685558, "elapsed": 19.61518, "mse": 10.529713838587078, "ps2nr": 37.906637921526304, "ssim": 0.8997720783707499}, "4": {"before_size": 2685642, "after_size": 2685558, "elapsed": 27.874999, "mse": 42.58636336537745, "ps2nr": 31.838098055037648, "ssim": 0.7312111416485162}, "5": {"before_size": 2685642, "after_size": 2685558, "elapsed": 31.232311, "mse": 175.9099720545495, "ps2nr": 25.677899012540614, "ssim": 0.46939001495823046}, "6": {"before_size": 2685642, "after_size": 2685558, "elapsed": 34.954428, "mse": 630.2659382219241, "ps2nr": 20.1355652390251, "ssim": 0.22108677852945297}, "7": {"before_size": 2685642, "after_size": 2685558, "elapsed": 39.668512, "mse": 2819.8670023846785, "ps2nr": 13.628517353473198, "ssim": 0.07605114991617443}, "8": {"before_size": 2685642, "after_size": 2685558, "elapsed": 47.252199, "mse": 8612.567217005739, "ps2nr": 8.77947736476377, "ssim": 0.010243058326037209}}