{"image": "images/landscape-nature/landscape6.bmp", "hidden_text": "eci2019", "2": {"before_size": 614442, "after_size": 614358, "elapsed": 6.569756, "mse": 2.4959629108714902, "ps2nr": 44.15842233272399, "ssim": 0.995564978191982}, "3": {"before_size": 614442, "after_size": 614358, "elapsed": 9.836371, "mse": 10.645693337500651, "ps2nr": 37.859064092462305, "ssim": 0.9813309915951574}, "4": {"before_size": 614442, "after_size": 614358, "elapsed": 11.911335, "mse": 43.3623417721519, "ps2nr": 31.759676327420756, "ssim": 0.9438555532231189}, "5": {"before_size": 614442, "after_size": 614358, "elapsed": 17.433399, "mse": 176.12940335729542, "ps2nr": 25.672484969513775, "ssim": 0.8475141048441687}, "6": {"before_size": 614442, "after_size": 614358, "elapsed": 13.608452, "mse": 655.9509184377767, "ps2nr": 19.962090163841655, "ssim": 0.6425783829753432}, "7": {"before_size": 614442, "after_size": 614358, "elapsed": 15.234195, "mse": 2633.2034806870865, "ps2nr": 13.92595940377462, "ssim": 0.3261189047559839}, "8": {"before_size": 614442, "after_size": 614358, "elapsed": 22.274865, "mse": 12472.588072029484, "ps2nr": 7.171237815851038, "ssim": 0.007431447879997629}}