{"2": {"before_size": 336138, "after_size": 336054, "elapsed": 1.982317, "mse": 4.4931813100827185, "ps2nr": 41.60526417151424, "ssim": 0.9908484258697022}, "3": {"before_size": 336138, "after_size": 336054, "elapsed": 2.596179, "mse": 17.03439302481556, "ps2nr": 35.81753697614418, "ssim": 0.9464284626673973}, "4": {"before_size": 336138, "after_size": 336054, "elapsed": 3.348109, "mse": 63.61320515686713, "ps2nr": 30.095330827749045, "ssim": 0.8319840409572863}, "5": {"before_size": 336138, "after_size": 336054, "elapsed": 4.035842, "mse": 253.76338624338624, "ps2nr": 24.086513999237923, "ssim": 0.6172390279072802}, "6": {"before_size": 336138, "after_size": 336054, "elapsed": 4.830533, "mse": 1047.6300558909008, "ps2nr": 17.928724112824113, "ssim": 0.4083868423451228}, "7": {"before_size": 336138, "after_size": 336054, "elapsed": 5.449733, "mse": 4309.54731947239, "ps2nr": 11.786487071759096, "ssim": 0.24983601172093148}, "8": {"before_size": 336138, "after_size": 336054, "elapsed": 6.243322, "mse": 17819.835129294283, "ps2nr": 5.621766792797903, "ssim": 0.009008504974251803}}