{"image": "images/landscape-nature/landscape5.bmp", "hidden_text": "eci2019", "2": {"before_size": 3710106, "after_size": 3710106, "elapsed": 48.120427, "mse": 2.4943696206953434, "ps2nr": 44.16119552329076, "ssim": 0.9899053881583915}, "3": {"before_size": 3710106, "after_size": 3710106, "elapsed": 72.046917, "mse": 10.538412399610571, "ps2nr": 37.90305171056008, "ssim": 0.9535844440587147}, "4": {"before_size": 3710106, "after_size": 3710106, "elapsed": 59.573879, "mse": 42.362873081024205, "ps2nr": 31.860949542643368, "ssim": 0.8570015837650776}, "5": {"before_size": 3710106, "after_size": 3710106, "elapsed": 70.612881, "mse": 171.31958527805, "ps2nr": 25.79273346460635, "ssim": 0.65250745900682}, "6": {"before_size": 3710106, "after_size": 3710106, "elapsed": 62.662395, "mse": 685.9559553343188, "ps2nr": 19.7678412995614, "ssim": 0.37095694221599584}, "7": {"before_size": 3710106, "after_size": 3710106, "elapsed": 77.002404, "mse": 2813.7735271635006, "ps2nr": 13.637912215223047, "ssim": 0.13924756161667368}, "8": {"before_size": 3710106, "after_size": 3710106, "elapsed": 133.059086, "mse": 11273.34370192116, "ps2nr": 7.610276128860147, "ssim": 0.007947614702193255}}