{"image": "images/landscape-nature/landscape3.bmp", "hidden_text": "eci2019", "2": {"before_size": 737334, "after_size": 737334, "elapsed": 6.827164, "mse": 2.5016655815972224, "ps2nr": 44.148511073786125, "ssim": 0.9835533644301532}, "3": {"before_size": 737334, "after_size": 737334, "elapsed": 6.500138, "mse": 10.488784450954862, "ps2nr": 37.9235520030364, "ssim": 0.925262673097262}, "4": {"before_size": 737334, "after_size": 737334, "elapsed": 23.527978, "mse": 42.75714789496528, "ps2nr": 31.820716328716166, "ssim": 0.7815553188325686}, "5": {"before_size": 737334, "after_size": 737334, "elapsed": 13.827488, "mse": 164.72740885416667, "ps2nr": 25.963144937943483, "ssim": 0.545435428378093}, "6": {"before_size": 737334, "after_size": 737334, "elapsed": 20.527727, "mse": 687.5614841037326, "ps2nr": 19.757688205284627, "ssim": 0.2936327293895766}, "7": {"before_size": 737334, "after_size": 737334, "elapsed": 23.717194, "mse": 2619.9578559027777, "ps2nr": 13.947860554626976, "ssim": 0.11971758962083913}, "8": {"before_size": 737334, "after_size": 737334, "elapsed": 31.213222, "mse": 11208.755814615886, "ps2nr": 7.635229528077301, "ssim": 0.008210855390001163}}