{"2": {"before_size": 1244214, "after_size": 1244214, "elapsed": 7.201707, "mse": 2.4927445023148147, "ps2nr": 44.16402593764534, "ssim": 0.9897494145679306}, "3": {"before_size": 1244214, "after_size": 1244214, "elapsed": 9.392411, "mse": 10.51868811085391, "ps2nr": 37.911187828130096, "ssim": 0.952254646361103}, "4": {"before_size": 1244214, "after_size": 1244214, "elapsed": 11.774096, "mse": 42.5125200938786, "ps2nr": 31.84563510654364, "ssim": 0.8560087854152678}, "5": {"before_size": 1244214, "after_size": 1244214, "elapsed": 14.402149, "mse": 173.18691165123457, "ps2nr": 25.7456529311977, "ssim": 0.6761380526703942}, "6": {"before_size": 1244214, "after_size": 1244214, "elapsed": 16.526577, "mse": 682.0687572337963, "ps2nr": 19.792522041262604, "ssim": 0.4440624970771865}, "7": {"before_size": 1244214, "after_size": 1244214, "elapsed": 19.424855, "mse": 2663.08632651749, "ps2nr": 13.876951161253544, "ssim": 0.21175409455149263}, "8": {"before_size": 1244214, "after_size": 1244214, "elapsed": 22.127553, "mse": 9657.546691743828, "ps2nr": 8.282135443443295, "ssim": 0.00882883724175136}}