{"image": "images/landscape-nature/landscape2.bmp", "hidden_text": "eci2019", "2": {"before_size": 1338294, "after_size": 1338294, "elapsed": 12.316309, "mse": 2.502379244380679, "ps2nr": 44.14727231665395, "ssim": 0.9874968798693479}, "3": {"before_size": 1338294, "after_size": 1338294, "elapsed": 15.348932, "mse": 10.40317581300813, "ps2nr": 37.95914422769014, "ssim": 0.9430299305614239}, "4": {"before_size": 1338294, "after_size": 1338294, "elapsed": 19.396537, "mse": 41.610196227881396, "ps2nr": 31.93880596997935, "ssim": 0.8205339696818503}, "5": {"before_size": 1338294, "after_size": 1338294, "elapsed": 29.626316, "mse": 168.12172629722622, "ps2nr": 25.874565201155818, "ssim": 0.5786022924054507}, "6": {"before_size": 1338294, "after_size": 1338294, "elapsed": 56.946613, "mse": 705.8361997847919, "ps2nr": 19.643764328801907, "ssim": 0.2905591415856784}, "7": {"before_size": 1338294, "after_size": 1338294, "elapsed": 53.107089, "mse": 3012.3641917742707, "ps2nr": 13.341728844028422, "ssim": 0.09297356143536965}, "8": {"before_size": 1338294, "after_size": 1338294, "elapsed": 52.143842, "mse": 12101.40487580703, "ps2nr": 7.302445695271793, "ssim": 0.007919798603703523}}