{"2": {"before_size": 151662, "after_size": 151578, "elapsed": 0.82249, "mse": 2.490849478390462, "ps2nr": 44.16732876880002, "ssim": 0.9928886377519436}, "3": {"before_size": 151662, "after_size": 151578, "elapsed": 1.079972, "mse": 10.515886736214606, "ps2nr": 37.91234461077356, "ssim": 0.9672822411708707}, "4": {"before_size": 151662, "after_size": 151578, "elapsed": 1.398885, "mse": 42.5589203510515, "ps2nr": 31.840897587690783, "ssim": 0.8918954691700058}, "5": {"before_size": 151662, "after_size": 151578, "elapsed": 1.726033, "mse": 170.20997516145056, "ps2nr": 25.82095352530455, "ssim": 0.7166264176595413}, "6": {"before_size": 151662, "after_size": 151578, "elapsed": 1.884688, "mse": 692.0613677761219, "ps2nr": 19.729357541209108, "ssim": 0.4504111243582887}, "7": {"before_size": 151662, "after_size": 151578, "elapsed": 2.277242, "mse": 2749.761390958768, "ps2nr": 13.737853510688765, "ssim": 0.20758484531053326}, "8": {"before_size": 151662, "after_size": 151578, "elapsed": 2.465237, "mse": 11616.824063586686, "ps2nr": 7.479929488364071, "ssim": 0.008127469767843672}}