{"2": {"before_size": 51010698, "after_size": 51010614, "elapsed": 224.45344, "mse": 2.5017488535707115, "ps2nr": 44.1483665142696, "ssim": 0.9722018427436177}, "3": {"before_size": 51010698, "after_size": 51010614, "elapsed": 296.226392, "mse": 10.48909576762145, "ps2nr": 37.92342310239532, "ssim": 0.8856256839890221}, "4": {"before_size": 51010698, "after_size": 51010614, "elapsed": 376.433946, "mse": 41.64142887276674, "ps2nr": 31.93554737509933, "ssim": 0.710475088867865}, "5": {"before_size": 51010698, "after_size": 51010614, "elapsed": 462.574169, "mse": 168.20691013782243, "ps2nr": 25.8723652771112, "ssim": 0.4385663950252393}, "6": {"before_size": 51010698, "after_size": 51010614, "elapsed": 533.25903, "mse": 678.0368883031279, "ps2nr": 19.818270387549823, "ssim": 0.18855206208452033}, "7": {"before_size": 51010698, "after_size": 51010614, "elapsed": 626.057472, "mse": 3582.4722988926214, "ps2nr": 12.58897519924024, "ssim": 0.0607342855937562}, "8": {"before_size": 51010698, "after_size": 51010614, "elapsed": 847.382168, "mse": 9453.191654375094, "ps2nr": 8.375018979817822, "ssim": 0.009375970531803677}}