{"image": "images/landscape-nature/landscape4.bmp", "hidden_text": "eci2019", "2": {"before_size": 6220854, "after_size": 6220854, "elapsed": 72.659928, "mse": 2.497556423611111, "ps2nr": 44.155650524839416, "ssim": 0.9678167595586697}, "3": {"before_size": 6220854, "after_size": 6220854, "elapsed": 85.420609, "mse": 11.243491673096708, "ps2nr": 37.621791582761105, "ssim": 0.8862720740083525}, "4": {"before_size": 6220854, "after_size": 6220854, "elapsed": 142.137552, "mse": 49.80095936213992, "ps2nr": 31.158426518095904, "ssim": 0.7543446149497919}, "5": {"before_size": 6220854, "after_size": 6220854, "elapsed": 123.113757, "mse": 206.12030992798353, "ps2nr": 24.98959574061641, "ssim": 0.5663642513673343}, "6": {"before_size": 6220854, "after_size": 6220854, "elapsed": 139.212238, "mse": 848.6449090149177, "ps2nr": 18.84354350617017, "ssim": 0.35382988297864304}, "7": {"before_size": 6220854, "after_size": 6220854, "elapsed": 203.156277, "mse": 3285.564419688786, "ps2nr": 12.964703740952668, "ssim": 0.15779699187453852}, "8": {"before_size": 6220854, "after_size": 6220854, "elapsed": 251.439938, "mse": 13295.324729134516, "ps2nr": 6.893814117276683, "ssim": 0.007169488660541125}}