{"2": {"before_size": 6673734, "after_size": 6673734, "elapsed": 35.859883, "mse": 3.9740728828591756, "ps2nr": 42.13844533239228, "ssim": 0.989818381896673}, "3": {"before_size": 6673734, "after_size": 6673734, "elapsed": 51.548073, "mse": 14.738342933442492, "ps2nr": 36.446317033500875, "ssim": 0.9461920431874584}, "4": {"before_size": 6673734, "after_size": 6673734, "elapsed": 66.59236, "mse": 53.945929906083116, "ps2nr": 30.811216771132738, "ssim": 0.8364228761427356}, "5": {"before_size": 6673734, "after_size": 6673734, "elapsed": 80.55861, "mse": 216.50197752502365, "ps2nr": 24.776184933227135, "ssim": 0.6401183398693824}, "6": {"before_size": 6673734, "after_size": 6673734, "elapsed": 90.019717, "mse": 917.8902849594291, "ps2nr": 18.50289587601634, "ssim": 0.4471764341394671}, "7": {"before_size": 6673734, "after_size": 6673734, "elapsed": 105.026356, "mse": 3908.806345743377, "ps2nr": 12.210362061835202, "ssim": 0.2864216887964494}, "8": {"before_size": 6673734, "after_size": 6673734, "elapsed": 122.880329, "mse": 16444.511167389766, "ps2nr": 5.970593927762397, "ssim": 0.00825802419340786}}