{"2": {"before_size": 59885706, "after_size": 59885622, "elapsed": 259.905832, "mse": 2.5009936617784105, "ps2nr": 44.149677697604176, "ssim": 0.9909107871344227}, "3": {"before_size": 59885706, "after_size": 59885622, "elapsed": 348.94278, "mse": 10.519374083585548, "ps2nr": 37.910904613669146, "ssim": 0.9572394772076102}, "4": {"before_size": 59885706, "after_size": 59885622, "elapsed": 435.002719, "mse": 42.39856744783651, "ps2nr": 31.857291778603198, "ssim": 0.8628353338444477}, "5": {"before_size": 59885706, "after_size": 59885622, "elapsed": 521.446592, "mse": 171.4707504819859, "ps2nr": 25.788903122188138, "ssim": 0.6649108417025357}, "6": {"before_size": 59885706, "after_size": 59885622, "elapsed": 601.118573, "mse": 627.9793065501191, "ps2nr": 20.15135027957411, "ssim": 0.3686841611405799}, "7": {"before_size": 59885706, "after_size": 59885622, "elapsed": 732.644286, "mse": 2338.017072660979, "ps2nr": 14.442326827266982, "ssim": 0.13171406782301717}, "8": {"before_size": 59885706, "after_size": 59885622, "elapsed": 892.241157, "mse": 9826.090724412934, "ps2nr": 8.20699591204461, "ssim": 0.009785956005307614}}