{"2": {"before_size": 786486, "after_size": 786486, "elapsed": 4.518839, "mse": 1.240704854329427, "ps2nr": 47.194118794344305, "ssim": 0.9941961275934449}, "3": {"before_size": 786486, "after_size": 786486, "elapsed": 6.165412, "mse": 10.095376332600912, "ps2nr": 38.089578477788834, "ssim": 0.9484552992774986}, "4": {"before_size": 786486, "after_size": 786486, "elapsed": 7.693296, "mse": 42.18720499674479, "ps2nr": 31.878996075813152, "ssim": 0.8210447287646042}, "5": {"before_size": 786486, "after_size": 786486, "elapsed": 9.380818, "mse": 172.82320912679037, "ps2nr": 25.75478295648359, "ssim": 0.5817207542048521}, "6": {"before_size": 786486, "after_size": 786486, "elapsed": 10.711645, "mse": 693.4390754699707, "ps2nr": 19.7207205025241, "ssim": 0.30018789532140455}, "7": {"before_size": 786486, "after_size": 786486, "elapsed": 12.021387, "mse": 2390.296154022217, "ps2nr": 14.34628648166834, "ssim": 0.11973105777832826}, "8": {"before_size": 786486, "after_size": 786486, "elapsed": 13.95294, "mse": 9097.603173573812, "ps2nr": 8.541533713598755, "ssim": 0.009728876048662691}}